ec5_uuid,created_at,uploaded_at,title,1_Date_of_measuremen,2_Measurement_team_I,3_Sapling_ID,4_Rough_estimate_of_,lat_5_GPS_location,long_5_GPS_location,accuracy_5_GPS_location,UTM_Northing_5_GPS_location,UTM_Easting_5_GPS_location,UTM_Zone_5_GPS_location,6_Local_name_of_the_,7_Botanical_name_of_,8_Photo_of_the_sapli,9_Photo_of_a_sapling
2d73980e-541e-4b96-8f74-bb8ff3b1bd18,2021-07-12T04:58:05.768Z,2021-07-12T04:58:13.000Z,Disha_22,12/07/2021,ABB_01,Disha_22,5,18.558056,73.785111,4,2052361,371791,43Q,Taman,Taman,https://five.epicollect.net/api/media/plant-and-adopt-a-sapling?type=photo&format=entry_original&name=2d73980e-541e-4b96-8f74-bb8ff3b1bd18_1626065855.jpg,https://five.epicollect.net/api/media/plant-and-adopt-a-sapling?type=photo&format=entry_original&name=2d73980e-541e-4b96-8f74-bb8ff3b1bd18_1626065883.jpg
6a4b0fd5-e4a3-4959-b897-7e47423f0b4d,2021-07-12T04:57:15.016Z,2021-07-12T04:57:20.000Z,Snehal_25,12/07/2021,ABB_01,Snehal_25,4,18.557969,73.78507,4,2052351,371787,43Q,Karanj,Karanj,https://five.epicollect.net/api/media/plant-and-adopt-a-sapling?type=photo&format=entry_original&name=6a4b0fd5-e4a3-4959-b897-7e47423f0b4d_1626065819.jpg,https://five.epicollect.net/api/media/plant-and-adopt-a-sapling?type=photo&format=entry_original&name=6a4b0fd5-e4a3-4959-b897-7e47423f0b4d_1626065830.jpg
edbba0d1-c411-46d6-80ab-c90d7f86fb0c,2021-07-12T04:55:44.214Z,2021-07-12T04:56:02.000Z,Snehal_24,12/07/2021,ABB_01,Snehal_24,5,18.557937,73.784992,4,2052348,371778,43Q,Kanchan,Kanchan,https://five.epicollect.net/api/media/plant-and-adopt-a-sapling?type=photo&format=entry_original&name=edbba0d1-c411-46d6-80ab-c90d7f86fb0c_1626065731.jpg,https://five.epicollect.net/api/media/plant-and-adopt-a-sapling?type=photo&format=entry_original&name=edbba0d1-c411-46d6-80ab-c90d7f86fb0c_1626065740.jpg
4dc90978-d455-4784-a47d-12fea6f42af6,2021-07-12T04:55:42.206Z,2021-07-12T04:55:51.000Z,Mugdha_15,12/07/2021,ABB_01,Mugdha_15,6,18.557878,73.784918,3,2052341,371771,43Q,Bakul,Bakul,https://five.epicollect.net/api/media/plant-and-adopt-a-sapling?type=photo&format=entry_original&name=4dc90978-d455-4784-a47d-12fea6f42af6_1626065722.jpg,https://five.epicollect.net/api/media/plant-and-adopt-a-sapling?type=photo&format=entry_original&name=4dc90978-d455-4784-a47d-12fea6f42af6_1626065739.jpg
112accea-d605-481e-9c01-f0e17426cbf9,2021-07-12T04:55:36.442Z,2021-07-12T04:55:44.000Z,Disha_21,12/07/2021,ABB_01,Disha_21,4,18.55802,73.785055,4,2052357,371785,43Q,Saptaparni,Saptaparni,https://five.epicollect.net/api/media/plant-and-adopt-a-sapling?type=photo&format=entry_original&name=112accea-d605-481e-9c01-f0e17426cbf9_1626065724.jpg,https://five.epicollect.net/api/media/plant-and-adopt-a-sapling?type=photo&format=entry_original&name=112accea-d605-481e-9c01-f0e17426cbf9_1626065733.jpg
95d84924-883b-4893-9855-c2e1f166af6b,2021-07-12T04:53:14.048Z,2021-07-12T04:53:19.000Z,Snehal_23,12/07/2021,ABB_01,Snehal_23,5,18.557469,73.78455,4,2052296,371731,43Q,Karanj,Karanj,https://five.epicollect.net/api/media/plant-and-adopt-a-sapling?type=photo&format=entry_original&name=95d84924-883b-4893-9855-c2e1f166af6b_1626065578.jpg,https://five.epicollect.net/api/media/plant-and-adopt-a-sapling?type=photo&format=entry_original&name=95d84924-883b-4893-9855-c2e1f166af6b_1626065589.jpg
6711527a-ea9e-427e-983e-96569e8b0375,2021-07-12T04:51:43.737Z,2021-07-12T04:51:49.000Z,Snehal_22,12/07/2021,ABB_01,Snehal_22,5,18.557238,73.784408,4,2052271,371716,43Q,Karanj,Karanj,https://five.epicollect.net/api/media/plant-and-adopt-a-sapling?type=photo&format=entry_original&name=6711527a-ea9e-427e-983e-96569e8b0375_1626065478.jpg,https://five.epicollect.net/api/media/plant-and-adopt-a-sapling?type=photo&format=entry_original&name=6711527a-ea9e-427e-983e-96569e8b0375_1626065501.jpg
25ad6546-38ab-4203-a3c1-2e88ca3ae94e,2021-07-12T04:51:31.436Z,2021-07-12T04:51:38.000Z,Disha_20,12/07/2021,ABB_01,Disha_20,6,18.556962,73.784199,4,2052240,371694,43Q,Pelta forum,Pelta forum,https://five.epicollect.net/api/media/plant-and-adopt-a-sapling?type=photo&format=entry_original&name=25ad6546-38ab-4203-a3c1-2e88ca3ae94e_1626065481.jpg,https://five.epicollect.net/api/media/plant-and-adopt-a-sapling?type=photo&format=entry_original&name=25ad6546-38ab-4203-a3c1-2e88ca3ae94e_1626065489.jpg
d89b7d12-1dac-453a-8029-0e4417fd5d3d,2021-07-12T04:51:22.478Z,2021-07-12T04:51:54.000Z,Mugdha_14,12/07/2021,ABB_01,Mugdha_14,3,18.556653,73.784004,3,2052206,371673,43Q,Peltaforum,Peltaforum,https://five.epicollect.net/api/media/plant-and-adopt-a-sapling?type=photo&format=entry_original&name=d89b7d12-1dac-453a-8029-0e4417fd5d3d_1626065458.jpg,https://five.epicollect.net/api/media/plant-and-adopt-a-sapling?type=photo&format=entry_original&name=d89b7d12-1dac-453a-8029-0e4417fd5d3d_1626065474.jpg
e6116718-dcfd-4d11-8caf-b2ff5c81197c,2021-07-12T04:49:11.586Z,2021-07-12T04:51:52.000Z,Mugdha_13,12/07/2021,ABB_01,Mugdha_13,4,18.556365,73.783748,3,2052174,371646,43Q,Peltaforum,Peltaforum,https://five.epicollect.net/api/media/plant-and-adopt-a-sapling?type=photo&format=entry_original&name=e6116718-dcfd-4d11-8caf-b2ff5c81197c_1626065324.jpg,https://five.epicollect.net/api/media/plant-and-adopt-a-sapling?type=photo&format=entry_original&name=e6116718-dcfd-4d11-8caf-b2ff5c81197c_1626065348.jpg
a9255b9c-6487-4fad-afa2-828097dff4fe,2021-07-12T04:49:07.583Z,2021-07-12T04:49:13.000Z,Disha_19,12/07/2021,ABB_01,Disha_19,2,18.556023,73.783414,4,2052137,371610,43Q,Pelta forum,Pelta forum,https://five.epicollect.net/api/media/plant-and-adopt-a-sapling?type=photo&format=entry_original&name=a9255b9c-6487-4fad-afa2-828097dff4fe_1626065331.jpg,https://five.epicollect.net/api/media/plant-and-adopt-a-sapling?type=photo&format=entry_original&name=a9255b9c-6487-4fad-afa2-828097dff4fe_1626065345.jpg
68a549ae-b92d-4084-8732-e0ce4ae5d2c5,2021-07-12T04:47:48.442Z,2021-07-12T04:47:58.000Z,Disha_18,12/07/2021,ABB_01,Disha_18,3,18.555974,73.783405,4,2052131,371609,43Q,Pelta forum,Pelta forum,https://five.epicollect.net/api/media/plant-and-adopt-a-sapling?type=photo&format=entry_original&name=68a549ae-b92d-4084-8732-e0ce4ae5d2c5_1626065257.jpg,https://five.epicollect.net/api/media/plant-and-adopt-a-sapling?type=photo&format=entry_original&name=68a549ae-b92d-4084-8732-e0ce4ae5d2c5_1626065265.jpg
919851dc-c3a4-49b3-9cb4-69bc1f7c2766,2021-07-12T04:47:47.412Z,2021-07-12T04:51:50.000Z,Mugdha_12,12/07/2021,ABB_01,Mugdha_12,3,18.556132,73.783557,3,2052149,371626,43Q,Peltaforum,Peltaforum,https://five.epicollect.net/api/media/plant-and-adopt-a-sapling?type=photo&format=entry_original&name=919851dc-c3a4-49b3-9cb4-69bc1f7c2766_1626065249.jpg,https://five.epicollect.net/api/media/plant-and-adopt-a-sapling?type=photo&format=entry_original&name=919851dc-c3a4-49b3-9cb4-69bc1f7c2766_1626065261.jpg
7d963810-d0ce-4332-bbb9-b0121a641525,2021-07-12T04:47:13.607Z,2021-07-12T04:47:19.000Z,Snehal_21,12/07/2021,ABB_01,Snehal_21,5,18.555394,73.782587,4,2052068,371523,43Q,Karanj,Karanj,https://five.epicollect.net/api/media/plant-and-adopt-a-sapling?type=photo&format=entry_original&name=7d963810-d0ce-4332-bbb9-b0121a641525_1626065209.jpg,https://five.epicollect.net/api/media/plant-and-adopt-a-sapling?type=photo&format=entry_original&name=7d963810-d0ce-4332-bbb9-b0121a641525_1626065222.jpg
83169726-a487-4a8b-bfd7-f5e5491ae2a7,2021-07-12T04:46:24.831Z,2021-07-12T04:46:33.000Z,Disha_17,12/07/2021,ABB_01,Disha_17,3,18.555974,73.783279,4,2052132,371596,43Q,Pelta forum,Pelta forum,https://five.epicollect.net/api/media/plant-and-adopt-a-sapling?type=photo&format=entry_original&name=83169726-a487-4a8b-bfd7-f5e5491ae2a7_1626065170.jpg,https://five.epicollect.net/api/media/plant-and-adopt-a-sapling?type=photo&format=entry_original&name=83169726-a487-4a8b-bfd7-f5e5491ae2a7_1626065181.jpg
b96f55a4-e75a-4d18-947b-779ae738d078,2021-07-12T04:45:38.507Z,2021-07-12T04:46:07.000Z,Snehal_20,12/07/2021,ABB_01,Snehal_20,5,18.555529,73.782866,4,2052083,371552,43Q,Kanchan,Kanchan,https://five.epicollect.net/api/media/plant-and-adopt-a-sapling?type=photo&format=entry_original&name=b96f55a4-e75a-4d18-947b-779ae738d078_1626065124.jpg,https://five.epicollect.net/api/media/plant-and-adopt-a-sapling?type=photo&format=entry_original&name=b96f55a4-e75a-4d18-947b-779ae738d078_1626065134.jpg
bee99690-99a5-4c1a-a929-e70b3c75f59a,2021-07-12T04:45:07.224Z,2021-07-12T04:45:14.000Z,Disha_16,12/07/2021,ABB_01,Disha_16,3,18.555854,73.783072,4,2052118,371574,43Q,Pelta forum,Pelta forum,https://five.epicollect.net/api/media/plant-and-adopt-a-sapling?type=photo&format=entry_original&name=bee99690-99a5-4c1a-a929-e70b3c75f59a_1626065064.jpg,https://five.epicollect.net/api/media/plant-and-adopt-a-sapling?type=photo&format=entry_original&name=bee99690-99a5-4c1a-a929-e70b3c75f59a_1626065072.jpg
8ab648cd-b86a-4dec-b42f-09526376a488,2021-07-12T04:44:16.668Z,2021-07-12T04:44:26.000Z,Snehal_19,12/07/2021,ABB_01,Snehal_19,5,18.555543,73.782918,4,2052084,371558,43Q,Kanchan,Kanchan,https://five.epicollect.net/api/media/plant-and-adopt-a-sapling?type=photo&format=entry_original&name=8ab648cd-b86a-4dec-b42f-09526376a488_1626065041.jpg,https://five.epicollect.net/api/media/plant-and-adopt-a-sapling?type=photo&format=entry_original&name=8ab648cd-b86a-4dec-b42f-09526376a488_1626065054.jpg
91495e69-fc69-4bd7-935d-df793f7592dc,2021-07-12T04:43:36.761Z,2021-07-12T04:51:48.000Z,Mugdha_11,12/07/2021,ABB_01,Mugdha_11,6,18.555875,73.783468,3,2052120,371616,43Q,Bakul,Bakul,https://five.epicollect.net/api/media/plant-and-adopt-a-sapling?type=photo&format=entry_original&name=91495e69-fc69-4bd7-935d-df793f7592dc_1626064992.jpg,https://five.epicollect.net/api/media/plant-and-adopt-a-sapling?type=photo&format=entry_original&name=91495e69-fc69-4bd7-935d-df793f7592dc_1626065012.jpg
7b0279a5-efbb-480a-aa99-0d4cf1fbfe52,2021-07-12T04:42:37.848Z,2021-07-12T04:42:58.000Z,Snehal_18,12/07/2021,ABB_01,Snehal_18,7,18.555664,73.78319,4,2052097,371587,43Q,Karanj,Karanj,https://five.epicollect.net/api/media/plant-and-adopt-a-sapling?type=photo&format=entry_original&name=7b0279a5-efbb-480a-aa99-0d4cf1fbfe52_1626064937.jpg,https://five.epicollect.net/api/media/plant-and-adopt-a-sapling?type=photo&format=entry_original&name=7b0279a5-efbb-480a-aa99-0d4cf1fbfe52_1626064948.jpg
bd1b48be-6726-434c-bdb5-758c915657b2,2021-07-12T04:42:16.146Z,2021-07-12T04:42:24.000Z,Disha_15,12/07/2021,ABB_01,Disha_15,3,18.555831,73.783016,5,2052116,371568,43Q,Pelta forum,Pelta forum,https://five.epicollect.net/api/media/plant-and-adopt-a-sapling?type=photo&format=entry_original&name=bd1b48be-6726-434c-bdb5-758c915657b2_1626064920.jpg,https://five.epicollect.net/api/media/plant-and-adopt-a-sapling?type=photo&format=entry_original&name=bd1b48be-6726-434c-bdb5-758c915657b2_1626064933.jpg
20be5bec-e6c1-4cd4-88cf-ca984fa15fa9,2021-07-12T04:41:55.862Z,2021-07-12T04:51:46.000Z,Mugdha_10,12/07/2021,ABB_01,Mugdha_10,7,18.555754,73.783273,3,2052107,371595,43Q,Peltaforum,Peltaforum,https://five.epicollect.net/api/media/plant-and-adopt-a-sapling?type=photo&format=entry_original&name=20be5bec-e6c1-4cd4-88cf-ca984fa15fa9_1626064884.jpg,https://five.epicollect.net/api/media/plant-and-adopt-a-sapling?type=photo&format=entry_original&name=20be5bec-e6c1-4cd4-88cf-ca984fa15fa9_1626064900.jpg
9c90b2d2-e8dc-403c-bd5e-359ece6d0f10,2021-07-12T04:40:53.893Z,2021-07-12T04:40:59.000Z,Snehal_17,12/07/2021,ABB_01,Snehal_17,4,18.555719,73.783259,4,2052103,371594,43Q,Kanchan,Kanchan,https://five.epicollect.net/api/media/plant-and-adopt-a-sapling?type=photo&format=entry_original&name=9c90b2d2-e8dc-403c-bd5e-359ece6d0f10_1626064835.jpg,https://five.epicollect.net/api/media/plant-and-adopt-a-sapling?type=photo&format=entry_original&name=9c90b2d2-e8dc-403c-bd5e-359ece6d0f10_1626064847.jpg
ff618521-e503-4ff5-aae1-d9da30c77c9f,2021-07-12T04:40:15.963Z,2021-07-12T04:40:36.000Z,Sunil_13,12/07/2021,ABB_01,Sunil_13,2,18.555582,73.783008,3,2052088,371567,43Q,Taman,Largest unia,https://five.epicollect.net/api/media/plant-and-adopt-a-sapling?type=photo&format=entry_original&name=ff618521-e503-4ff5-aae1-d9da30c77c9f_1626064784.jpg,https://five.epicollect.net/api/media/plant-and-adopt-a-sapling?type=photo&format=entry_original&name=ff618521-e503-4ff5-aae1-d9da30c77c9f_1626064812.jpg
5dce381a-9530-4cc1-8006-aa6fa09d476a,2021-07-12T04:39:11.583Z,2021-07-12T04:51:44.000Z,Mugdha_09,12/07/2021,ABB_01,Mugdha_09,6,18.555666,73.783097,3,2052098,371577,43Q,Bakul,Bakul,https://five.epicollect.net/api/media/plant-and-adopt-a-sapling?type=photo&format=entry_original&name=5dce381a-9530-4cc1-8006-aa6fa09d476a_1626064729.jpg,https://five.epicollect.net/api/media/plant-and-adopt-a-sapling?type=photo&format=entry_original&name=5dce381a-9530-4cc1-8006-aa6fa09d476a_1626064746.jpg
fb2bcb3b-1f56-403c-8664-e71af4aef1a8,2021-07-12T04:38:58.826Z,2021-07-12T04:39:32.000Z,Snehal_16,12/07/2021,ABB_01,Snehal_16,6,18.55577,73.78337,4,2052109,371606,43Q,Karanj,Karanj,https://five.epicollect.net/api/media/plant-and-adopt-a-sapling?type=photo&format=entry_original&name=fb2bcb3b-1f56-403c-8664-e71af4aef1a8_1626064722.jpg,https://five.epicollect.net/api/media/plant-and-adopt-a-sapling?type=photo&format=entry_original&name=fb2bcb3b-1f56-403c-8664-e71af4aef1a8_1626064735.jpg
3a14981a-3899-4af2-8d19-09a78992e492,2021-07-12T04:38:20.768Z,2021-07-12T04:38:30.000Z,Disha_14,12/07/2021,ABB_01,Disha_14,3,18.55579,73.783385,4,2052111,371607,43Q,Saptaparni,Saptaparni,https://five.epicollect.net/api/media/plant-and-adopt-a-sapling?type=photo&format=entry_original&name=3a14981a-3899-4af2-8d19-09a78992e492_1626064688.jpg,https://five.epicollect.net/api/media/plant-and-adopt-a-sapling?type=photo&format=entry_original&name=3a14981a-3899-4af2-8d19-09a78992e492_1626064698.jpg
2a6f90fe-0945-4580-af44-e865fb910fea,2021-07-12T04:37:50.061Z,2021-07-12T04:51:42.000Z,Mugdha_08,12/07/2021,ABB_01,Mugdha_08,6,18.555623,73.782999,3,2052093,371566,43Q,Peltaforum,Peltaforum,https://five.epicollect.net/api/media/plant-and-adopt-a-sapling?type=photo&format=entry_original&name=2a6f90fe-0945-4580-af44-e865fb910fea_1626064644.jpg,https://five.epicollect.net/api/media/plant-and-adopt-a-sapling?type=photo&format=entry_original&name=2a6f90fe-0945-4580-af44-e865fb910fea_1626064662.jpg
4dc53bb1-c253-4e34-8c89-015779a58438,2021-07-12T04:37:18.810Z,2021-07-12T04:37:53.000Z,Sunil_12,12/07/2021,ABB_01,Sunil_12,4,18.555568,73.782898,3,2052087,371556,43Q,Taman,Largest unia,https://five.epicollect.net/api/media/plant-and-adopt-a-sapling?type=photo&format=entry_original&name=4dc53bb1-c253-4e34-8c89-015779a58438_1626064623.jpg,https://five.epicollect.net/api/media/plant-and-adopt-a-sapling?type=photo&format=entry_original&name=4dc53bb1-c253-4e34-8c89-015779a58438_1626064635.jpg
6a159bfe-6a85-49f9-860a-ae46133497cf,2021-07-12T04:37:08.833Z,2021-07-12T04:37:13.000Z,Snehal_15,12/07/2021,ABB_01,Snehal_15,3,18.555881,73.783101,4,2052121,371577,43Q,Karanj,Karanj,https://five.epicollect.net/api/media/plant-and-adopt-a-sapling?type=photo&format=entry_original&name=6a159bfe-6a85-49f9-860a-ae46133497cf_1626064610.jpg,https://five.epicollect.net/api/media/plant-and-adopt-a-sapling?type=photo&format=entry_original&name=6a159bfe-6a85-49f9-860a-ae46133497cf_1626064624.jpg
c2066844-dddc-44c7-99b8-6bc9ea695ea0,2021-07-12T04:36:52.378Z,2021-07-12T04:37:00.000Z,Disha_13,12/07/2021,ABB_01,Disha_13,1,18.555578,73.782918,4,2052088,371558,43Q,Saptaparni,Saptaparni,https://five.epicollect.net/api/media/plant-and-adopt-a-sapling?type=photo&format=entry_original&name=c2066844-dddc-44c7-99b8-6bc9ea695ea0_1626064591.jpg,https://five.epicollect.net/api/media/plant-and-adopt-a-sapling?type=photo&format=entry_original&name=c2066844-dddc-44c7-99b8-6bc9ea695ea0_1626064607.jpg
f1479e8a-a786-4861-9c01-19f710c3bb4e,2021-07-12T04:35:55.873Z,2021-07-12T04:51:40.000Z,Mugdha_07,12/07/2021,ABB_01,Mugdha_07,6,18.555622,73.782971,3,2052093,371563,43Q,Bakul,Bakul,https://five.epicollect.net/api/media/plant-and-adopt-a-sapling?type=photo&format=entry_original&name=f1479e8a-a786-4861-9c01-19f710c3bb4e_1626064533.jpg,https://five.epicollect.net/api/media/plant-and-adopt-a-sapling?type=photo&format=entry_original&name=f1479e8a-a786-4861-9c01-19f710c3bb4e_1626064552.jpg
2668a67a-217a-4d6e-9043-6ca52521e5df,2021-07-12T04:35:39.832Z,2021-07-12T04:35:45.000Z,Snehal_14,12/07/2021,ABB_01,Snehal_14,6,18.555719,73.782861,4,2052104,371552,43Q,Karanj,Karanj,https://five.epicollect.net/api/media/plant-and-adopt-a-sapling?type=photo&format=entry_original&name=2668a67a-217a-4d6e-9043-6ca52521e5df_1626064496.jpg,https://five.epicollect.net/api/media/plant-and-adopt-a-sapling?type=photo&format=entry_original&name=2668a67a-217a-4d6e-9043-6ca52521e5df_1626064535.jpg
476ceb3e-c8ff-4ab2-8852-037ac7322e0d,2021-07-12T04:34:06.861Z,2021-07-12T04:51:39.000Z,Mugdha_06,12/07/2021,ABB_01,Mugdha_06,6,18.555517,73.782823,3,2052081,371548,43Q,Bakul,Bakul,https://five.epicollect.net/api/media/plant-and-adopt-a-sapling?type=photo&format=entry_original&name=476ceb3e-c8ff-4ab2-8852-037ac7322e0d_1626064406.jpg,https://five.epicollect.net/api/media/plant-and-adopt-a-sapling?type=photo&format=entry_original&name=476ceb3e-c8ff-4ab2-8852-037ac7322e0d_1626064441.jpg
f9771b56-d46c-4c4c-b4f6-158b21dff6bf,2021-07-12T04:33:34.829Z,2021-07-12T04:33:40.000Z,Disha_12,12/07/2021,ABB_01,Disha_12,3,18.555272,73.781888,4,2052055,371449,43Q,Saptaparni,Saptaparni,https://five.epicollect.net/api/media/plant-and-adopt-a-sapling?type=photo&format=entry_original&name=f9771b56-d46c-4c4c-b4f6-158b21dff6bf_1626064393.jpg,https://five.epicollect.net/api/media/plant-and-adopt-a-sapling?type=photo&format=entry_original&name=f9771b56-d46c-4c4c-b4f6-158b21dff6bf_1626064410.jpg
3f44df65-1e95-4ba6-9d39-3bed879d284f,2021-07-12T04:33:13.426Z,2021-07-12T04:33:41.000Z,Snehal_13,12/07/2021,ABB_01,Snehal_13,6,18.555602,73.782636,4,2052091,371528,43Q,Karanj,Karanj,https://five.epicollect.net/api/media/plant-and-adopt-a-sapling?type=photo&format=entry_original&name=3f44df65-1e95-4ba6-9d39-3bed879d284f_1626064370.jpg,https://five.epicollect.net/api/media/plant-and-adopt-a-sapling?type=photo&format=entry_original&name=3f44df65-1e95-4ba6-9d39-3bed879d284f_1626064387.jpg
632695a8-057b-4244-b125-83f612fa1dd1,2021-07-12T04:33:00.790Z,2021-07-12T04:33:09.000Z,Sunil_11,12/07/2021,ABB_01,Sunil_11,6,18.555301,73.781993,3,2052058,371460,43Q,Taman,Largest unia,https://five.epicollect.net/api/media/plant-and-adopt-a-sapling?type=photo&format=entry_original&name=632695a8-057b-4244-b125-83f612fa1dd1_1626064366.jpg,https://five.epicollect.net/api/media/plant-and-adopt-a-sapling?type=photo&format=entry_original&name=632695a8-057b-4244-b125-83f612fa1dd1_1626064378.jpg
812dca4b-f6d0-4e5d-bfea-86789c702a54,2021-07-12T04:31:27.465Z,2021-07-12T04:31:36.000Z,Snehal_12,12/07/2021,ABB_01,Snehal_12,6,18.555577,73.782518,4,2052088,371516,43Q,Karanj,Karanj,https://five.epicollect.net/api/media/plant-and-adopt-a-sapling?type=photo&format=entry_original&name=812dca4b-f6d0-4e5d-bfea-86789c702a54_1626064263.jpg,https://five.epicollect.net/api/media/plant-and-adopt-a-sapling?type=photo&format=entry_original&name=812dca4b-f6d0-4e5d-bfea-86789c702a54_1626064280.jpg
fd2901e0-ef35-4c5d-96d6-28a47cf496f3,2021-07-12T04:31:12.737Z,2021-07-12T04:51:37.000Z,Mugdha_05,12/07/2021,ABB_01,Mugdha_05,6,18.555363,73.782067,3,2052065,371468,43Q,Bakul,Bakul,https://five.epicollect.net/api/media/plant-and-adopt-a-sapling?type=photo&format=entry_original&name=fd2901e0-ef35-4c5d-96d6-28a47cf496f3_1626064227.jpg,https://five.epicollect.net/api/media/plant-and-adopt-a-sapling?type=photo&format=entry_original&name=fd2901e0-ef35-4c5d-96d6-28a47cf496f3_1626064269.jpg
4b20abe7-6255-4a9b-820b-0c5ec7182a0c,2021-07-12T04:30:55.532Z,2021-07-12T04:31:04.000Z,Sunil_10,12/07/2021,ABB_01,Sunil_10,3,18.555334,73.78202,2,2052062,371463,43Q,Taman,Largest unia,https://five.epicollect.net/api/media/plant-and-adopt-a-sapling?type=photo&format=entry_original&name=4b20abe7-6255-4a9b-820b-0c5ec7182a0c_1626064218.jpg,https://five.epicollect.net/api/media/plant-and-adopt-a-sapling?type=photo&format=entry_original&name=4b20abe7-6255-4a9b-820b-0c5ec7182a0c_1626064251.jpg
532a2d56-7c31-4ea5-8678-a595efec9c66,2021-07-12T04:30:22.459Z,2021-07-12T04:30:28.000Z,Disha_11,12/07/2021,ABB_01,Disha_11,5,18.55575,73.782723,4,2052107,371537,43Q,Saptaparni,Saptaparni,https://five.epicollect.net/api/media/plant-and-adopt-a-sapling?type=photo&format=entry_original&name=532a2d56-7c31-4ea5-8678-a595efec9c66_1626064200.jpg,https://five.epicollect.net/api/media/plant-and-adopt-a-sapling?type=photo&format=entry_original&name=532a2d56-7c31-4ea5-8678-a595efec9c66_1626064218.jpg
2715fe78-8903-407d-8ac1-6d5bea619977,2021-07-12T04:29:25.439Z,2021-07-12T04:51:35.000Z,Mugdha_04,12/07/2021,ABB_01,Mugdha_04,6,18.555301,73.781948,3,2052058,371455,43Q,Bakul,Bakul,https://five.epicollect.net/api/media/plant-and-adopt-a-sapling?type=photo&format=entry_original&name=2715fe78-8903-407d-8ac1-6d5bea619977_1626064123.jpg,https://five.epicollect.net/api/media/plant-and-adopt-a-sapling?type=photo&format=entry_original&name=2715fe78-8903-407d-8ac1-6d5bea619977_1626064156.jpg
88e19435-5175-494c-8fb9-b30007802407,2021-07-12T04:28:57.889Z,2021-07-12T04:29:05.000Z,Snehal_11,12/07/2021,ABB_01,Snehal_11,4,18.555242,73.781893,4,2052052,371449,43Q,Karanj,Karanj,https://five.epicollect.net/api/media/plant-and-adopt-a-sapling?type=photo&format=entry_original&name=88e19435-5175-494c-8fb9-b30007802407_1626064117.jpg,https://five.epicollect.net/api/media/plant-and-adopt-a-sapling?type=photo&format=entry_original&name=88e19435-5175-494c-8fb9-b30007802407_1626064130.jpg
c931a81b-7028-48c0-b368-d5a213abe769,2021-07-12T04:28:49.812Z,2021-07-12T04:28:58.000Z,Sunil_09,12/07/2021,ABB_01,Sunil_09,5,18.555306,73.78208,5,2052058,371469,43Q,Taman,Largest unia,https://five.epicollect.net/api/media/plant-and-adopt-a-sapling?type=photo&format=entry_original&name=c931a81b-7028-48c0-b368-d5a213abe769_1626064103.jpg,https://five.epicollect.net/api/media/plant-and-adopt-a-sapling?type=photo&format=entry_original&name=c931a81b-7028-48c0-b368-d5a213abe769_1626064124.jpg
416ea791-31f6-43fa-8b9c-d262895d1c52,2021-07-12T04:28:28.158Z,2021-07-12T04:28:34.000Z,Disha_10,12/07/2021,ABB_01,Disha_10,2,18.555965,73.783233,4,2052131,371591,43Q,Saptaparni,Saptaparni,https://five.epicollect.net/api/media/plant-and-adopt-a-sapling?type=photo&format=entry_original&name=416ea791-31f6-43fa-8b9c-d262895d1c52_1626064085.jpg,https://five.epicollect.net/api/media/plant-and-adopt-a-sapling?type=photo&format=entry_original&name=416ea791-31f6-43fa-8b9c-d262895d1c52_1626064105.jpg
2f8cd1f2-a609-4788-bf80-db0529589a72,2021-07-12T04:20:53.366Z,2021-07-12T04:27:21.000Z,Disha_09,12/07/2021,ABB_01,Disha_09,3,18.556036,73.783346,4,2052138,371603,43Q,Saptaparni,Saptaparni,https://five.epicollect.net/api/media/plant-and-adopt-a-sapling?type=photo&format=entry_original&name=2f8cd1f2-a609-4788-bf80-db0529589a72_1626063638.jpg,https://five.epicollect.net/api/media/plant-and-adopt-a-sapling?type=photo&format=entry_original&name=2f8cd1f2-a609-4788-bf80-db0529589a72_1626063647.jpg
ecd0b045-269b-4e29-a846-725283d5a5be,2021-07-12T04:20:19.278Z,2021-07-12T04:20:25.000Z,Sunil_08,12/07/2021,ABB_01,Sunil_08,5,18.555597,73.782556,8,2052090,371520,43Q,Taman,Largest unia,https://five.epicollect.net/api/media/plant-and-adopt-a-sapling?type=photo&format=entry_original&name=ecd0b045-269b-4e29-a846-725283d5a5be_1626063598.jpg,https://five.epicollect.net/api/media/plant-and-adopt-a-sapling?type=photo&format=entry_original&name=ecd0b045-269b-4e29-a846-725283d5a5be_1626063614.jpg
82aa7b6e-6b31-4da8-856c-b37ab4fb0b6b,2021-07-12T04:19:35.099Z,2021-07-12T04:19:43.000Z,Disha_08,12/07/2021,ABB_01,Disha_08,4,18.556057,73.78343,4,2052141,371612,43Q,Saptaparni,Saptaparni,https://five.epicollect.net/api/media/plant-and-adopt-a-sapling?type=photo&format=entry_original&name=82aa7b6e-6b31-4da8-856c-b37ab4fb0b6b_1626063556.jpg,https://five.epicollect.net/api/media/plant-and-adopt-a-sapling?type=photo&format=entry_original&name=82aa7b6e-6b31-4da8-856c-b37ab4fb0b6b_1626063572.jpg
2d3c3161-6a11-483e-ae67-990e14cfc51a,2021-07-12T04:19:21.592Z,2021-07-12T04:20:13.000Z,Mugdha_03,12/07/2021,ABB_01,Mugdha_03,5,18.555756,73.782811,3,2052108,371547,43Q,Peltaforum,Peltaforum,https://five.epicollect.net/api/media/plant-and-adopt-a-sapling?type=photo&format=entry_original&name=2d3c3161-6a11-483e-ae67-990e14cfc51a_1626063533.jpg,https://five.epicollect.net/api/media/plant-and-adopt-a-sapling?type=photo&format=entry_original&name=2d3c3161-6a11-483e-ae67-990e14cfc51a_1626063556.jpg
399a673f-7d1e-4b81-b5ea-614d4246e7b7,2021-07-12T04:18:22.988Z,2021-07-12T04:18:30.000Z,Sunil_07,12/07/2021,ABB_01,Sunil_07,5,18.555684,73.78265,4,2052100,371530,43Q,Taman,Largest unia,https://five.epicollect.net/api/media/plant-and-adopt-a-sapling?type=photo&format=entry_original&name=399a673f-7d1e-4b81-b5ea-614d4246e7b7_1626063487.jpg,https://five.epicollect.net/api/media/plant-and-adopt-a-sapling?type=photo&format=entry_original&name=399a673f-7d1e-4b81-b5ea-614d4246e7b7_1626063499.jpg
1475f705-6ce7-4089-83dc-fbb818afd7df,2021-07-12T04:18:14.335Z,2021-07-12T04:18:19.000Z,Disha_07,12/07/2021,ABB_01,Disha_07,3,18.556093,73.783499,4,2052145,371619,43Q,Saptaparni,Saptaparni,https://five.epicollect.net/api/media/plant-and-adopt-a-sapling?type=photo&format=entry_original&name=1475f705-6ce7-4089-83dc-fbb818afd7df_1626063481.jpg,https://five.epicollect.net/api/media/plant-and-adopt-a-sapling?type=photo&format=entry_original&name=1475f705-6ce7-4089-83dc-fbb818afd7df_1626063491.jpg
0c7083f1-22bf-47dd-9182-f38a10ddcb35,2021-07-12T04:16:09.278Z,2021-07-12T04:16:20.000Z,Sunil_06,12/07/2021,ABB_01,Sunil_06,3,18.5559,73.783108,3,2052123,371578,43Q,Taman,Largest unia,https://five.epicollect.net/api/media/plant-and-adopt-a-sapling?type=photo&format=entry_original&name=0c7083f1-22bf-47dd-9182-f38a10ddcb35_1626063333.jpg,https://five.epicollect.net/api/media/plant-and-adopt-a-sapling?type=photo&format=entry_original&name=0c7083f1-22bf-47dd-9182-f38a10ddcb35_1626063366.jpg
ec1ac38c-c47c-4605-bb80-fd9a31b0a872,2021-07-12T04:16:02.362Z,2021-07-12T04:16:09.000Z,Snehal_10,12/07/2021,ABB_01,Snehal_10,5,18.555789,73.782967,4,2052111,371563,43Q,Kanchan,Kanchan,https://five.epicollect.net/api/media/plant-and-adopt-a-sapling?type=photo&format=entry_original&name=ec1ac38c-c47c-4605-bb80-fd9a31b0a872_1626063333.jpg,https://five.epicollect.net/api/media/plant-and-adopt-a-sapling?type=photo&format=entry_original&name=ec1ac38c-c47c-4605-bb80-fd9a31b0a872_1626063359.jpg
061c0e47-662e-441d-a0b3-2dc48232b7ba,2021-07-12T04:14:06.298Z,2021-07-12T04:14:16.000Z,Snehal_09,12/07/2021,ABB_01,Snehal_09,5,18.555928,73.783226,4,2052126,371591,43Q,Kanchan,Kanchan,https://five.epicollect.net/api/media/plant-and-adopt-a-sapling?type=photo&format=entry_original&name=061c0e47-662e-441d-a0b3-2dc48232b7ba_1626063228.jpg,https://five.epicollect.net/api/media/plant-and-adopt-a-sapling?type=photo&format=entry_original&name=061c0e47-662e-441d-a0b3-2dc48232b7ba_1626063238.jpg
d6f2de7d-43fc-4442-8d64-6c700a5dd388,2021-07-12T04:12:59.993Z,2021-07-12T04:13:12.000Z,Sunil_05,12/07/2021,ABB_01,Sunil_05,3,18.556591,73.783907,3,2052199,371663,43Q,Taman,Largest unia,https://five.epicollect.net/api/media/plant-and-adopt-a-sapling?type=photo&format=entry_original&name=d6f2de7d-43fc-4442-8d64-6c700a5dd388_1626063134.jpg,https://five.epicollect.net/api/media/plant-and-adopt-a-sapling?type=photo&format=entry_original&name=d6f2de7d-43fc-4442-8d64-6c700a5dd388_1626063174.jpg
488a071b-12a3-44d3-ba5c-ceacfe4c050e,2021-07-12T04:12:00.073Z,2021-07-12T04:12:13.000Z,Snehal_08,12/07/2021,ABB_01,Snehal_08,4,18.556428,73.783823,4,2052181,371654,43Q,Kanchan,Kanchan,https://five.epicollect.net/api/media/plant-and-adopt-a-sapling?type=photo&format=entry_original&name=488a071b-12a3-44d3-ba5c-ceacfe4c050e_1626063103.jpg,https://five.epicollect.net/api/media/plant-and-adopt-a-sapling?type=photo&format=entry_original&name=488a071b-12a3-44d3-ba5c-ceacfe4c050e_1626063114.jpg
eb5b7af8-b803-441b-9446-5c80a8d1bc2a,2021-07-12T04:11:20.001Z,2021-07-12T04:11:40.000Z,Mugdha_02,12/07/2021,ABB_01,Mugdha_02,6,18.555635,73.782724,3,2052094,371537,43Q,Bakul,Bakul,https://five.epicollect.net/api/media/plant-and-adopt-a-sapling?type=photo&format=entry_original&name=eb5b7af8-b803-441b-9446-5c80a8d1bc2a_1626063000.jpg,https://five.epicollect.net/api/media/plant-and-adopt-a-sapling?type=photo&format=entry_original&name=eb5b7af8-b803-441b-9446-5c80a8d1bc2a_1626063072.jpg
30f360fc-ba13-4649-bc6f-0c9a4a288e4c,2021-07-12T04:10:58.574Z,2021-07-12T04:12:11.000Z,Snehal_07,12/07/2021,ABB_01,Snehal_07,3,18.556541,73.783915,4,2052194,371664,43Q,Kanchan,Kanchan,https://five.epicollect.net/api/media/plant-and-adopt-a-sapling?type=photo&format=entry_original&name=30f360fc-ba13-4649-bc6f-0c9a4a288e4c_1626063014.jpg,https://five.epicollect.net/api/media/plant-and-adopt-a-sapling?type=photo&format=entry_original&name=30f360fc-ba13-4649-bc6f-0c9a4a288e4c_1626063044.jpg
c31b9a30-c8b2-4e9f-afb5-0d7defc9f855,2021-07-12T04:10:25.139Z,2021-07-12T04:10:32.000Z,Sunil_04,12/07/2021,ABB_01,Sunil_04,3,18.556753,73.784009,6,2052217,371674,43Q,Taman,Largest unia,https://five.epicollect.net/api/media/plant-and-adopt-a-sapling?type=photo&format=entry_original&name=c31b9a30-c8b2-4e9f-afb5-0d7defc9f855_1626062973.jpg,https://five.epicollect.net/api/media/plant-and-adopt-a-sapling?type=photo&format=entry_original&name=c31b9a30-c8b2-4e9f-afb5-0d7defc9f855_1626063021.jpg
182f07fa-23ac-418c-acf5-03f8a2ab6900,2021-07-12T04:10:23.339Z,2021-07-12T04:17:15.000Z,Disha_06,12/07/2021,ABB_01,Disha_06,2,18.556286,73.783712,4,2052166,371642,43Q,Saptaparni,Saptaparni,https://five.epicollect.net/api/media/plant-and-adopt-a-sapling?type=photo&format=entry_original&name=182f07fa-23ac-418c-acf5-03f8a2ab6900_1626063007.jpg,https://five.epicollect.net/api/media/plant-and-adopt-a-sapling?type=photo&format=entry_original&name=182f07fa-23ac-418c-acf5-03f8a2ab6900_1626063020.jpg
34a7130b-269a-493d-bfd3-18e1976a0c3e,2021-07-12T04:08:53.617Z,2021-07-12T04:09:01.000Z,Disha_05,12/07/2021,ABB_01,Disha_05,3,18.556375,73.783762,4,2052176,371647,43Q,Saptaparni,Saptaparni,https://five.epicollect.net/api/media/plant-and-adopt-a-sapling?type=photo&format=entry_original&name=34a7130b-269a-493d-bfd3-18e1976a0c3e_1626062920.jpg,https://five.epicollect.net/api/media/plant-and-adopt-a-sapling?type=photo&format=entry_original&name=34a7130b-269a-493d-bfd3-18e1976a0c3e_1626062929.jpg
0b9a62e4-a055-4e4a-bbd8-222232f5a586,2021-07-12T04:08:11.223Z,2021-07-12T04:09:07.000Z,Snehal_06,12/07/2021,ABB_01,Snehal_06,4,18.556707,73.784003,4,2052212,371673,43Q,Kanchan,Kanchan,https://five.epicollect.net/api/media/plant-and-adopt-a-sapling?type=photo&format=entry_original&name=0b9a62e4-a055-4e4a-bbd8-222232f5a586_1626062844.jpg,https://five.epicollect.net/api/media/plant-and-adopt-a-sapling?type=photo&format=entry_original&name=0b9a62e4-a055-4e4a-bbd8-222232f5a586_1626062886.jpg
cc07cf02-679f-4bcd-88ec-143dc0418b9a,2021-07-12T04:07:23.157Z,2021-07-12T04:07:33.000Z,Disha_04,12/07/2021,ABB_01,Disha_04,2,18.556485,73.783847,4,2052188,371656,43Q,Saptaparni,Saptaparni,https://five.epicollect.net/api/media/plant-and-adopt-a-sapling?type=photo&format=entry_original&name=cc07cf02-679f-4bcd-88ec-143dc0418b9a_1626062830.jpg,https://five.epicollect.net/api/media/plant-and-adopt-a-sapling?type=photo&format=entry_original&name=cc07cf02-679f-4bcd-88ec-143dc0418b9a_1626062840.jpg
81f30992-0082-45de-9b40-0a53cfb3d1e4,2021-07-12T04:06:30.705Z,2021-07-12T04:06:37.000Z,Sunil_03,12/07/2021,ABB_01,Sunil_03,5,18.557271,73.784372,2,2052274,371712,43Q,Taman,Largest unia,https://five.epicollect.net/api/media/plant-and-adopt-a-sapling?type=photo&format=entry_original&name=81f30992-0082-45de-9b40-0a53cfb3d1e4_1626062757.jpg,https://five.epicollect.net/api/media/plant-and-adopt-a-sapling?type=photo&format=entry_original&name=81f30992-0082-45de-9b40-0a53cfb3d1e4_1626062786.jpg
eeb17f31-2ba8-4f66-9ee4-c0354e259414,2021-07-12T04:06:07.594Z,2021-07-12T04:06:14.000Z,Snehal_05,12/07/2021,ABB_01,Snehal_05,4,18.55688,73.784156,4,2052231,371689,43Q,Kanchan,Kanchan,https://five.epicollect.net/api/media/plant-and-adopt-a-sapling?type=photo&format=entry_original&name=eeb17f31-2ba8-4f66-9ee4-c0354e259414_1626062748.jpg,https://five.epicollect.net/api/media/plant-and-adopt-a-sapling?type=photo&format=entry_original&name=eeb17f31-2ba8-4f66-9ee4-c0354e259414_1626062765.jpg
b6f415bb-540b-4e5b-8b55-9685044ba833,2021-07-12T04:04:41.247Z,2021-07-12T04:04:54.000Z,Disha_04,12/07/2021,ABB_01,Disha_04,5,18.556911,73.784146,4,2052235,371688,43Q,Saptaparni,Saptaparni,https://five.epicollect.net/api/media/plant-and-adopt-a-sapling?type=photo&format=entry_original&name=b6f415bb-540b-4e5b-8b55-9685044ba833_1626062662.jpg,https://five.epicollect.net/api/media/plant-and-adopt-a-sapling?type=photo&format=entry_original&name=b6f415bb-540b-4e5b-8b55-9685044ba833_1626062678.jpg
8965f56b-c038-4690-a53d-3da4765687a4,2021-07-12T04:04:13.368Z,2021-07-12T04:04:55.000Z,Snehal_04,12/07/2021,ABB_01,Snehal_04,4,18.557087,73.784306,4,2052254,371705,43Q,Kanchan,Kanchan,https://five.epicollect.net/api/media/plant-and-adopt-a-sapling?type=photo&format=entry_original&name=8965f56b-c038-4690-a53d-3da4765687a4_1626062632.jpg,https://five.epicollect.net/api/media/plant-and-adopt-a-sapling?type=photo&format=entry_original&name=8965f56b-c038-4690-a53d-3da4765687a4_1626062649.jpg
6135a2e6-1aa7-490e-a1b5-049ccd36c5f7,2021-07-12T04:03:53.423Z,2021-07-12T04:04:01.000Z,Sunil_02,12/07/2021,ABB_01,Sunil_02,3,18.557399,73.784436,5,2052288,371719,43Q,Taman,Largest unia,https://five.epicollect.net/api/media/plant-and-adopt-a-sapling?type=photo&format=entry_original&name=6135a2e6-1aa7-490e-a1b5-049ccd36c5f7_1626062589.jpg,https://five.epicollect.net/api/media/plant-and-adopt-a-sapling?type=photo&format=entry_original&name=6135a2e6-1aa7-490e-a1b5-049ccd36c5f7_1626062628.jpg
656e1770-6c3a-4719-a50c-113c521aab6a,2021-07-12T04:02:57.362Z,2021-07-12T04:03:23.000Z,Mugdha_01,12/07/2021,ABB_01,Mugdha_01,5,18.557354,73.784448,3,2052283,371721,43Q,Bakul,Bakul,https://five.epicollect.net/api/media/plant-and-adopt-a-sapling?type=photo&format=entry_original&name=656e1770-6c3a-4719-a50c-113c521aab6a_1626062547.jpg,https://five.epicollect.net/api/media/plant-and-adopt-a-sapling?type=photo&format=entry_original&name=656e1770-6c3a-4719-a50c-113c521aab6a_1626062568.jpg
146713d3-80ba-462b-96ea-213e2c2e58a8,2021-07-12T04:02:38.369Z,2021-07-12T04:02:44.000Z,Disha_03,12/07/2021,ABB_01,Disha_03,3,18.557023,73.784242,6,2052247,371699,43Q,Saptaparni,Saptaparni,https://five.epicollect.net/api/media/plant-and-adopt-a-sapling?type=photo&format=entry_original&name=146713d3-80ba-462b-96ea-213e2c2e58a8_1626062547.jpg,https://five.epicollect.net/api/media/plant-and-adopt-a-sapling?type=photo&format=entry_original&name=146713d3-80ba-462b-96ea-213e2c2e58a8_1626062555.jpg
67d9e17d-6aaa-4f7e-ab16-511b8b96ca74,2021-07-12T04:01:56.019Z,2021-07-12T04:02:14.000Z,Snehal_03,12/07/2021,ABB_01,Snehal_03,4,18.55744,73.784548,4,2052293,371731,43Q,Kanchan,Kanchan,https://five.epicollect.net/api/media/plant-and-adopt-a-sapling?type=photo&format=entry_original&name=67d9e17d-6aaa-4f7e-ab16-511b8b96ca74_1626062493.jpg,https://five.epicollect.net/api/media/plant-and-adopt-a-sapling?type=photo&format=entry_original&name=67d9e17d-6aaa-4f7e-ab16-511b8b96ca74_1626062511.jpg
bfd69b4b-2eb9-4ac7-827e-906525586801,2021-07-12T04:00:35.076Z,2021-07-12T04:00:40.000Z,Disha_02,12/07/2021,ABB_01,Disha_02,4,18.55755,73.784554,4,2052305,371732,43Q,Saptaparni,Saptaparni,https://five.epicollect.net/api/media/plant-and-adopt-a-sapling?type=photo&format=entry_original&name=bfd69b4b-2eb9-4ac7-827e-906525586801_1626062421.jpg,https://five.epicollect.net/api/media/plant-and-adopt-a-sapling?type=photo&format=entry_original&name=bfd69b4b-2eb9-4ac7-827e-906525586801_1626062431.jpg
317aa8ab-b787-4800-b35f-53a619898539,2021-07-12T03:57:39.647Z,2021-07-12T03:57:50.000Z,Kunal_01,12/07/2021,ABB_01,Kunal_01,4,18.557575,73.784616,3,2052308,371738,43Q,Taman,Largest Unia,https://five.epicollect.net/api/media/plant-and-adopt-a-sapling?type=photo&format=entry_original&name=317aa8ab-b787-4800-b35f-53a619898539_1626062235.jpg,https://five.epicollect.net/api/media/plant-and-adopt-a-sapling?type=photo&format=entry_original&name=317aa8ab-b787-4800-b35f-53a619898539_1626062253.jpg
4dd6c342-d03e-4852-91a7-220d57ce3eb2,2021-07-12T03:56:18.688Z,2021-07-12T03:57:24.000Z,Sunil_01,12/07/2021,ABB_01,Sunil_01,4,18.557763,73.784802,6,2052328,371758,43Q,Taman,Largest unia,https://five.epicollect.net/api/media/plant-and-adopt-a-sapling?type=photo&format=entry_original&name=4dd6c342-d03e-4852-91a7-220d57ce3eb2_1626062092.jpg,https://five.epicollect.net/api/media/plant-and-adopt-a-sapling?type=photo&format=entry_original&name=4dd6c342-d03e-4852-91a7-220d57ce3eb2_1626062173.jpg
5507edbe-498b-4aa0-8dc4-ca23aefde900,2021-07-12T02:57:49.896Z,2021-07-12T02:57:57.000Z,Snehal_02,12/07/2021,ABB_01,Snehal_02,5,18.557637,73.784677,4,2052315,371745,43Q,Kanchan,Kanchan,https://five.epicollect.net/api/media/plant-and-adopt-a-sapling?type=photo&format=entry_original&name=5507edbe-498b-4aa0-8dc4-ca23aefde900_1626058624.jpg,https://five.epicollect.net/api/media/plant-and-adopt-a-sapling?type=photo&format=entry_original&name=5507edbe-498b-4aa0-8dc4-ca23aefde900_1626058662.jpg
1dc6fead-e187-49bd-b611-db121f3e517f,2021-07-12T02:53:15.702Z,2021-07-12T02:54:36.000Z,Snehal_01,12/07/2021,ABB_01,Snehal_01,6,18.557691,73.784747,4,2052320,371752,43Q,Bakul,Bakul,https://five.epicollect.net/api/media/plant-and-adopt-a-sapling?type=photo&format=entry_original&name=1dc6fead-e187-49bd-b611-db121f3e517f_1626058380.jpg,https://five.epicollect.net/api/media/plant-and-adopt-a-sapling?type=photo&format=entry_original&name=1dc6fead-e187-49bd-b611-db121f3e517f_1626058454.jpg
14a44d4d-2764-4b6b-9330-72d178c4bf1e,2021-07-12T02:52:18.102Z,2021-07-12T02:54:57.000Z,Disha_01,12/07/2021,ABB_01,Disha_01,4,18.557717,73.784746,4,2052323,371752,43Q,Saptaparni,Saptaparni,https://five.epicollect.net/api/media/plant-and-adopt-a-sapling?type=photo&format=entry_original&name=14a44d4d-2764-4b6b-9330-72d178c4bf1e_1626058332.jpg,https://five.epicollect.net/api/media/plant-and-adopt-a-sapling?type=photo&format=entry_original&name=14a44d4d-2764-4b6b-9330-72d178c4bf1e_1626058428.jpg
